<?xml version="1.0" encoding="UTF-8"?>
<metadata modelVersion="1.1.0">
  <groupId>com.careem.mockingbird</groupId>
  <artifactId>mockingbird-metadata</artifactId>
  <version>1.5.0-SNAPSHOT</version>
  <versioning>
    <snapshot>
      <localCopy>true</localCopy>
    </snapshot>
    <lastUpdated>20200927054046</lastUpdated>
    <snapshotVersions>
      <snapshotVersion>
        <classifier>sources</classifier>
        <extension>jar</extension>
        <value>1.5.0-SNAPSHOT</value>
        <updated>20200927054046</updated>
      </snapshotVersion>
      <snapshotVersion>
        <extension>jar</extension>
        <value>1.5.0-SNAPSHOT</value>
        <updated>20200927054046</updated>
      </snapshotVersion>
      <snapshotVersion>
        <extension>pom</extension>
        <value>1.5.0-SNAPSHOT</value>
        <updated>20200927054046</updated>
      </snapshotVersion>
      <snapshotVersion>
        <extension>module</extension>
        <value>1.5.0-SNAPSHOT</value>
        <updated>20200927054046</updated>
      </snapshotVersion>
    </snapshotVersions>
  </versioning>
</metadata>
